Mouse,Pellets,Accuracy,Impulsive_Pokes,Wrong_Pokes
FED003_131495_37,57,0.8561643835616438,69,21
FED003_131495_38,81,0.9897435897435898,118,2
